filename,Language,Story_type,file_id,mfcc_1,mfcc_2,mfcc_3,mfcc_4,mfcc_5,mfcc_6,mfcc_7,mfcc_8,mfcc_9,mfcc_10,mfcc_11,mfcc_12,mfcc_13,chroma_1,chroma_2,chroma_3,chroma_4,chroma_5,chroma_6,chroma_7,chroma_8,chroma_9,chroma_10,chroma_11,chroma_12,zcr,spectral_centroid
00001.wav,Chinese,True Story,00001,-553.8900146484375,110.80322265625,26.71291732788086,19.60523796081543,-9.412095069885254,2.2375614643096924,-0.754002571105957,2.049160957336426,1.3705406188964844,7.378068923950195,1.6721664667129517,4.255084037780762,1.8628506660461426,0.4005689024925232,0.380431592464447,0.37281152606010437,0.3469797968864441,0.34664201736450195,0.4003864824771881,0.4874935448169708,0.5467179417610168,0.590606689453125,0.5671965479850769,0.5402408838272095,0.4731054902076721,0.07431879134158752,1331.312873154036
00002.wav,Chinese,True Story,00002,-242.39715576171875,91.88090515136719,8.65572452545166,31.74436378479004,-27.8502197265625,14.017566680908203,-11.608738899230957,-12.660140037536621,-9.491724014282227,-9.831425666809082,-2.9739058017730713,-7.251768112182617,-8.79340648651123,0.4052601158618927,0.40698665380477905,0.4137418270111084,0.44512954354286194,0.4135097563266754,0.35996297001838684,0.3863767385482788,0.3845578134059906,0.4002593755722046,0.3836791217327118,0.42258456349372864,0.3982759118080139,0.12101757652974408,1688.7036900115415
00003.wav,Chinese,True Story,00003,-222.50486755371094,93.30783081054688,-13.636523246765137,26.39745330810547,-6.645204067230225,8.581657409667969,-1.282686710357666,0.28967589139938354,-22.871368408203125,17.529071807861328,-18.201047897338867,-2.0844531059265137,0.4678167700767517,0.42239031195640564,0.41532787680625916,0.373365581035614,0.3745855689048767,0.37395256757736206,0.38561177253723145,0.4099290072917938,0.4253929853439331,0.4762331545352936,0.4386075735092163,0.45592907071113586,0.4896906912326813,0.13370846191046426,1713.6119082477283
00004.wav,Chinese,True Story,00004,-330.16302490234375,96.76184844970703,18.674034118652344,26.18205451965332,-6.697841167449951,0.6503995656967163,-5.304439544677734,-3.6303858757019043,-7.927556037902832,-8.09777545928955,-5.848962306976318,-11.79725170135498,-15.17885684967041,0.18563707172870636,0.23214325308799744,0.3611401915550232,0.3163599669933319,0.31714776158332825,0.4059378206729889,0.46228569746017456,0.45695868134498596,0.4318154454231262,0.4366011619567871,0.3312966525554657,0.2209806591272354,0.1469060773480663,1738.6820947771284
00005.wav,Chinese,True Story,00005,-490.29046630859375,94.90815734863281,20.773408889770508,23.27357292175293,7.594907760620117,9.019532203674316,0.5821303725242615,4.380026817321777,-3.779970407485962,5.099727153778076,-2.717097520828247,3.2160418033599854,0.25936996936798096,0.36830559372901917,0.26882678270339966,0.23774348199367523,0.252862811088562,0.29405903816223145,0.3789374530315399,0.47503185272216797,0.5168677568435669,0.5555720329284668,0.6034509539604187,0.5658391118049622,0.46387892961502075,0.08282310483731693,1616.8653444681913
00006.wav,Chinese,True Story,00006,-301.07806396484375,86.9487533569336,14.746850967407227,25.305686950683594,25.963178634643555,-5.550341606140137,-7.158046245574951,-2.6048264503479004,-12.855406761169434,-5.047544002532959,-5.553245544433594,-5.053813934326172,-5.902044296264648,0.42856356501579285,0.3887178897857666,0.33638033270835876,0.23939497768878937,0.25584954023361206,0.28656625747680664,0.3775602877140045,0.4689505100250244,0.48599696159362793,0.43598923087120056,0.3823399841785431,0.42944222688674927,0.12023606154247911,1683.5950620438598
00007.wav,Chinese,True Story,00007,-336.7052917480469,107.29917907714844,1.2766541242599487,32.926002502441406,4.746001243591309,4.967462062835693,-3.900886297225952,-3.5738375186920166,-0.4437103271484375,6.7510294914245605,3.5101895332336426,3.8432717323303223,5.485011577606201,0.3089621365070343,0.39173218607902527,0.3202284574508667,0.2581360638141632,0.3402676582336426,0.4736511707305908,0.49149656295776367,0.39639222621917725,0.4724496304988861,0.6012711524963379,0.5881216526031494,0.37351539731025696,0.07371718366692685,1336.199125884311
00008.wav,Chinese,True Story,00008,-264.68359375,72.49742889404297,-18.156597137451172,20.632917404174805,-18.625812530517578,-5.0572028160095215,-13.948874473571777,-0.8428815007209778,3.9095942974090576,-14.60161018371582,-6.669490814208984,-14.20163631439209,-8.463879585266113,0.3152201473712921,0.3931700885295868,0.3925374448299408,0.43931636214256287,0.40287619829177856,0.3362565338611603,0.39155077934265137,0.4816065728664398,0.48075780272483826,0.42827945947647095,0.39673134684562683,0.3229724168777466,0.1691898445851149,2003.159434575175
00009.wav,Chinese,Deceptive Story,00009,-513.8513793945312,59.032108306884766,20.389265060424805,23.87656021118164,-6.991980075836182,-3.4622461795806885,-20.79851531982422,-13.061375617980957,-17.219482421875,-21.127277374267578,-8.067873001098633,-5.851739406585693,-9.9660062789917,0.49604853987693787,0.3989006578922272,0.3120913803577423,0.27529817819595337,0.23428691923618317,0.21651208400726318,0.23093010485172272,0.30481812357902527,0.372368186712265,0.4676882028579712,0.5203238129615784,0.5495386719703674,0.11741339714972528,1712.8626368368398
00010.wav,Chinese,Deceptive Story,00010,-445.2715148925781,76.09600830078125,4.878496170043945,2.955333948135376,-16.6458683013916,-21.58241844177246,-4.535247325897217,3.3410260677337646,-9.435957908630371,-14.051753997802734,-15.459443092346191,-17.235851287841797,-18.59270668029785,0.24615232646465302,0.19498257339000702,0.16935235261917114,0.18657317757606506,0.14326763153076172,0.14816094934940338,0.1911710649728775,0.35355257987976074,0.5145826935768127,0.5622110366821289,0.4846486449241638,0.3569399416446686,0.1434598959575483,1393.1763736859455
00011.wav,Chinese,Deceptive Story,00011,-559.2904663085938,104.08294677734375,6.936604022979736,4.117668628692627,-15.82265567779541,-12.361493110656738,-28.4263858795166,-10.605286598205566,-15.336833000183105,-6.499120712280273,-14.516329765319824,-16.024269104003906,-16.076810836791992,0.2660891115665436,0.2652760148048401,0.26038458943367004,0.27768248319625854,0.3312041759490967,0.38354915380477905,0.41823941469192505,0.42394351959228516,0.4310629069805145,0.3605320453643799,0.2930954098701477,0.2695474922657013,0.1264923634201343,1450.3824332468237
00012.wav,Chinese,Deceptive Story,00012,-305.9983825683594,93.21717071533203,34.06278610229492,20.016759872436523,-8.525400161743164,10.534602165222168,7.6888427734375,-5.972351551055908,1.923933982849121,14.886115074157715,5.704590797424316,-1.8900666236877441,5.353532314300537,0.4808137118816376,0.4038196802139282,0.35690391063690186,0.35679370164871216,0.3748684823513031,0.4190519452095032,0.4544122517108917,0.4480231702327728,0.49647602438926697,0.5660998225212097,0.5655778050422668,0.5321058630943298,0.0683589085263912,1263.4474970314743
00013.wav,Chinese,Deceptive Story,00013,-327.2338562011719,92.52259826660156,-10.848390579223633,22.171749114990234,-15.20270824432373,1.4645235538482666,-7.954463481903076,-19.046031951904297,-25.375125885009766,-9.258522987365723,-17.524063110351562,-19.271821975708008,-9.625945091247559,0.27925437688827515,0.33281639218330383,0.40455061197280884,0.4263541102409363,0.4129318594932556,0.36482447385787964,0.38160884380340576,0.41184550523757935,0.33822816610336304,0.3109917938709259,0.30057692527770996,0.2780994474887848,0.13363237932516844,1649.7494075355241
00014.wav,Chinese,Deceptive Story,00014,-509.4026794433594,124.26856231689453,36.06355667114258,18.614408493041992,-1.5417004823684692,-2.4136104583740234,-3.8656771183013916,-12.369604110717773,-7.3521246910095215,-0.34266433119773865,-9.309588432312012,-0.8733754754066467,-3.7025551795959473,0.3700818419456482,0.3367970287799835,0.32838064432144165,0.3460676968097687,0.36256662011146545,0.3506030738353729,0.40697845816612244,0.49312064051628113,0.5255514979362488,0.46931394934654236,0.44318926334381104,0.41515153646469116,0.07028470849802372,1170.985621348478
00015.wav,Chinese,Deceptive Story,00015,-308.42132568359375,79.1964340209961,-12.029183387756348,25.063373565673828,-8.178409576416016,-0.5157509446144104,-8.421440124511719,-14.365574836730957,-7.763650894165039,-7.462610721588135,-7.0218329429626465,1.3271573781967163,-8.057196617126465,0.49405181407928467,0.4399431347846985,0.42194709181785583,0.37579989433288574,0.31656649708747864,0.2675144374370575,0.29623737931251526,0.3347744047641754,0.43597713112831116,0.44577473402023315,0.4976233243942261,0.5180900692939758,0.13783635169104205,1826.735191875133
00016.wav,Chinese,Deceptive Story,00016,-469.0958557128906,48.42085266113281,-2.113960027694702,13.853649139404297,-3.947782516479492,-7.616721153259277,-20.67123794555664,0.21489715576171875,-4.316068649291992,-14.969477653503418,-15.081239700317383,-2.6610028743743896,-1.402273416519165,0.30586373805999756,0.2676237225532532,0.23551109433174133,0.2015816569328308,0.17915409803390503,0.2341948300600052,0.337936133146286,0.4332190752029419,0.46895167231559753,0.4559548497200012,0.4144466519355774,0.35691407322883606,0.1502545709415831,1917.848105058735
00017.wav,English,True Story,00017,-288.277587890625,104.18335723876953,44.245323181152344,14.568190574645996,8.493314743041992,6.465158939361572,-13.077215194702148,-7.0658698081970215,0.32322588562965393,-8.71015739440918,-6.895376682281494,-1.1735581159591675,-2.720156192779541,0.48058441281318665,0.34532666206359863,0.28471606969833374,0.2547440528869629,0.25925418734550476,0.3092769682407379,0.3695574998855591,0.41229864954948425,0.4351767599582672,0.5156267285346985,0.5026156902313232,0.5166293978691101,0.11870529131166588,1635.3437020057384
00018.wav,English,True Story,00018,-600.4927978515625,61.447349548339844,13.496563911437988,3.847280502319336,3.272693157196045,-1.6548868417739868,-13.70633316040039,1.3075765371322632,-13.937749862670898,0.9735387563705444,-4.729663372039795,-5.705904483795166,-5.071497440338135,0.4596147835254669,0.44238823652267456,0.39638206362724304,0.4080418348312378,0.4168347120285034,0.4479147493839264,0.4428865313529968,0.4554290175437927,0.5369071364402771,0.6030619740486145,0.5884519219398499,0.4999867081642151,0.25905812131268435,2436.4104789416983
00019.wav,English,True Story,00019,-451.0587158203125,75.03077697753906,23.68557357788086,30.192649841308594,14.038260459899902,14.00137710571289,-9.832062721252441,1.3576369285583496,-2.385983467102051,-11.131628036499023,-14.798603057861328,13.07642936706543,10.084402084350586,0.24932065606117249,0.17809516191482544,0.17176906764507294,0.18072879314422607,0.20764295756816864,0.24449795484542847,0.32990512251853943,0.4943341314792633,0.5350792407989502,0.4562070071697235,0.36393582820892334,0.31800368428230286,0.12059187889099121,1610.8203737044985
00020.wav,English,True Story,00020,-256.60675048828125,78.2226791381836,-14.541069030761719,11.4616060256958,-4.364490509033203,-15.045989990234375,-7.461079120635986,-5.312537670135498,-8.71923828125,-2.4941470623016357,-15.175095558166504,3.707778215408325,-7.456592082977295,0.3645080327987671,0.33140745759010315,0.3120223879814148,0.35988861322402954,0.3559812903404236,0.33784621953964233,0.3075125515460968,0.3832378387451172,0.4454740583896637,0.45765653252601624,0.47629162669181824,0.41129735112190247,0.17103704126115166,1986.6461665953261
00021.wav,English,True Story,00021,-208.350341796875,120.78184509277344,-27.56161117553711,9.7750883102417,3.7426388263702393,11.184080123901367,-5.122114658355713,-25.224849700927734,-1.1036041975021362,12.066702842712402,-2.8235957622528076,1.4066027402877808,-0.11482618749141693,0.4021507501602173,0.5449485778808594,0.48114559054374695,0.4251593053340912,0.4246808886528015,0.3876737058162689,0.32659074664115906,0.30861374735832214,0.35198575258255005,0.3481990396976471,0.2831498980522156,0.24292197823524475,0.12249304626702334,1571.33166922697
00022.wav,English,True Story,00022,-318.3782958984375,132.93040466308594,-10.124268531799316,23.785085678100586,10.878360748291016,0.013655240647494793,-13.745573997497559,0.023184845224022865,-2.857179880142212,-8.835582733154297,-5.086408615112305,-5.310692310333252,-10.143059730529785,0.4195355176925659,0.47408002614974976,0.4509679973125458,0.2984321117401123,0.2962656319141388,0.3626742959022522,0.400912880897522,0.4536777138710022,0.5052927136421204,0.47116711735725403,0.43111541867256165,0.4015175700187683,0.09977519154037018,1239.7466462720545
00023.wav,English,True Story,00023,-442.3091735839844,72.25445556640625,10.713377952575684,10.225000381469727,-12.47616195678711,-0.7422246932983398,-4.141073703765869,-4.336369037628174,-6.630185127258301,2.7373619079589844,-0.10704542696475983,-5.362247467041016,-0.41236722469329834,0.36584681272506714,0.38445720076560974,0.4037872552871704,0.38508644700050354,0.40931886434555054,0.3981803059577942,0.4525444805622101,0.502903938293457,0.5708809494972229,0.4589184522628784,0.3804299533367157,0.4063158631324768,0.12798963097052846,1646.1836058157382
00024.wav,English,True Story,00024,-344.8336486816406,119.72846221923828,1.0780467987060547,30.793907165527344,0.5590559244155884,21.50046730041504,4.025829792022705,6.752710819244385,4.7420549392700195,7.763614654541016,4.836893558502197,4.426051616668701,7.769598960876465,0.4922468066215515,0.47976255416870117,0.4442824423313141,0.42578160762786865,0.4639662802219391,0.560832142829895,0.593780517578125,0.5686132907867432,0.5511084794998169,0.5006881952285767,0.4889430105686188,0.4745219349861145,0.05269665862992945,1140.8569787251226
00025.wav,English,True Story,00025,-541.1151123046875,109.2780990600586,15.708800315856934,20.66766929626465,-7.820863246917725,-5.377036094665527,-6.432891368865967,3.099252462387085,0.012197201140224934,5.229616165161133,3.6305594444274902,5.974562644958496,4.001442909240723,0.47464144229888916,0.42100071907043457,0.4464503824710846,0.4627029299736023,0.4316965937614441,0.43563905358314514,0.4611392319202423,0.4585498869419098,0.4800761044025421,0.5077792406082153,0.5306382775306702,0.5260460376739502,0.0867696032546083,1434.2079053152365
00026.wav,English,Deceptive Story,00026,-319.47576904296875,122.13937377929688,4.305146217346191,18.15093421936035,-31.969383239746094,-5.086714744567871,-9.404841423034668,-2.3942105770111084,0.5967833995819092,-2.5642693042755127,-9.961899757385254,-8.938406944274902,-4.1950602531433105,0.32417628169059753,0.259280800819397,0.29278573393821716,0.30415433645248413,0.2849697470664978,0.26082828640937805,0.41444119811058044,0.5334324836730957,0.556689441204071,0.4479818046092987,0.40491020679473877,0.4008563160896301,0.13498257488054508,1472.8228613094657
00027.wav,English,Deceptive Story,00027,-212.59434509277344,71.26560974121094,-12.557918548583984,23.503786087036133,-7.582921028137207,1.9833734035491943,-5.756253242492676,-15.588482856750488,-6.837744235992432,-6.532224178314209,-0.060827139765024185,1.4126137495040894,-11.061627388000488,0.39776358008384705,0.322523832321167,0.31509286165237427,0.29179099202156067,0.2624959945678711,0.2571115493774414,0.2945438623428345,0.31524771451950073,0.32919207215309143,0.4159151613712311,0.5941105484962463,0.5534329414367676,0.2077938242855235,2207.884832655233
00028.wav,English,Deceptive Story,00028,-551.0093383789062,108.73693084716797,19.748435974121094,16.1042537689209,-11.65107536315918,-2.1107096672058105,-2.4772605895996094,-0.18413536250591278,-2.8306784629821777,7.576983451843262,3.9322571754455566,5.948346138000488,2.4956283569335938,0.4764692783355713,0.4355866611003876,0.4397057890892029,0.4381040334701538,0.41436371207237244,0.43058863282203674,0.4542098641395569,0.45845600962638855,0.4763379991054535,0.48632949590682983,0.5273575186729431,0.5223498940467834,0.0912954879493967,1464.8980526010337
00029.wav,English,Deceptive Story,00029,-340.52081298828125,82.24960327148438,-13.123905181884766,17.734027862548828,-10.453988075256348,0.10770814120769501,-9.420854568481445,-17.3209285736084,-23.437789916992188,-7.388452529907227,-16.883506774902344,-16.270227432250977,-8.960805892944336,0.2959437370300293,0.31078627705574036,0.3774696886539459,0.4430568516254425,0.44028860330581665,0.3809228837490082,0.3399754464626312,0.35732725262641907,0.34439781308174133,0.3503952920436859,0.32920292019844055,0.3021482527256012,0.15900614288108006,1838.5563087263663
00030.wav,English,Deceptive Story,00030,-418.0376281738281,84.16991424560547,-0.6404105424880981,14.521739959716797,0.39549142122268677,2.5946154594421387,6.089207172393799,-5.854434967041016,-3.6281027793884277,-3.1349854469299316,-2.752324342727661,-1.5620486736297607,-4.080651760101318,0.49264824390411377,0.46695733070373535,0.4038107395172119,0.3400372266769409,0.3463781476020813,0.342050701379776,0.32795313000679016,0.3466406762599945,0.4308854341506958,0.5002325177192688,0.5376599431037903,0.5121273994445801,0.11384044701533406,1850.4145043190827
00031.wav,English,Deceptive Story,00031,-175.4337615966797,71.89070129394531,-23.58543586730957,22.552207946777344,8.832191467285156,-7.4699788093566895,-2.892138719558716,-25.494773864746094,-11.23636531829834,5.06148624420166,-18.53489875793457,-6.801407814025879,9.122288703918457,0.2880267798900604,0.26038092374801636,0.28889691829681396,0.3215624988079071,0.3642977774143219,0.48425817489624023,0.546231210231781,0.5196616649627686,0.500472903251648,0.4423791766166687,0.35084226727485657,0.29838499426841736,0.198085706266585,2167.6431666684257
00032.wav,English,Deceptive Story,00032,-349.454833984375,97.90738677978516,2.6068124771118164,33.97999572753906,3.683952569961548,8.134467124938965,1.9651557207107544,-0.26668933033943176,0.9487801790237427,6.245649337768555,2.4967331886291504,3.770679473876953,2.441704511642456,0.33734026551246643,0.25715672969818115,0.3001897633075714,0.28373125195503235,0.26211485266685486,0.29432249069213867,0.37479886412620544,0.4197443425655365,0.4371742904186249,0.5797796845436096,0.7377015352249146,0.6300585269927979,0.07724718319784002,1445.8240030739362
00033.wav,English,Deceptive Story,00033,-366.06951904296875,82.62206268310547,24.819368362426758,18.39200782775879,-13.97606086730957,9.102568626403809,-13.326957702636719,-16.389259338378906,-5.484356880187988,-12.522854804992676,-10.691083908081055,-1.1710021495819092,-13.154699325561523,0.5050039887428284,0.35709917545318604,0.32626184821128845,0.4217725098133087,0.5015947222709656,0.494489848613739,0.4316886067390442,0.4065040051937103,0.44835764169692993,0.4331008791923523,0.4260718524456024,0.48016032576560974,0.181952173108093,1869.9768497284422
00034.wav,English,Deceptive Story,00034,-518.2418823242188,97.9271469116211,11.189274787902832,-1.0082610845565796,-31.099458694458008,-16.019311904907227,-26.48186492919922,-12.755950927734375,-14.192244529724121,-12.885579109191895,-9.054719924926758,-14.655235290527344,-10.58685302734375,0.29134300351142883,0.3045169711112976,0.30745968222618103,0.2894395887851715,0.331141859292984,0.3527703285217285,0.35000574588775635,0.3645211458206177,0.35318127274513245,0.33421143889427185,0.30440205335617065,0.2786790728569031,0.1233283038993303,1484.859038546455
00035.wav,Chinese,True Story,00035,-307.18145751953125,119.0267333984375,3.5145668983459473,21.625635147094727,-10.354620933532715,6.909636497497559,-3.0599026679992676,-20.40545082092285,-4.574384689331055,-6.056138038635254,1.11627197265625,-5.77274227142334,-4.886893272399902,0.46503740549087524,0.42916402220726013,0.4821675717830658,0.3915981948375702,0.2809748947620392,0.22247222065925598,0.23519282042980194,0.264424592256546,0.26451051235198975,0.291929692029953,0.32330551743507385,0.5112075209617615,0.08498727150896887,1290.0684371376244
00036.wav,English,Deceptive Story,00036,-467.70208740234375,81.84242248535156,8.143004417419434,20.96703338623047,3.5771398544311523,-18.209781646728516,-31.69982147216797,6.241818428039551,-10.98141098022461,4.7862958908081055,-14.640813827514648,-5.506032943725586,1.5734765529632568,0.3873462378978729,0.3343527615070343,0.26162317395210266,0.300777792930603,0.34775999188423157,0.33897334337234497,0.37620604038238525,0.49955877661705017,0.5232040286064148,0.42020609974861145,0.45603424310684204,0.3432798981666565,0.16851985350101517,2008.048611726255
00037.wav,English,True Story,00037,-309.959716796875,102.4618148803711,17.614662170410156,6.240902423858643,10.10299301147461,-7.9098896980285645,-5.295072078704834,-11.944650650024414,-6.343997955322266,-7.137332439422607,-10.865053176879883,-4.184887886047363,-10.521385192871094,0.19547510147094727,0.17137324810028076,0.19846294820308685,0.2404373735189438,0.25957584381103516,0.2815462648868561,0.4050672948360443,0.5278221368789673,0.4963836073875427,0.43602144718170166,0.35610249638557434,0.2661393880844116,0.11136257349011223,1221.9618445867848
00038.wav,Chinese,Deceptive Story,00038,-392.19708251953125,69.62883758544922,-18.663114547729492,-17.623289108276367,-23.11880111694336,-18.502471923828125,-19.200790405273438,-23.59273338317871,-22.107545852661133,-23.405996322631836,-14.033939361572266,-0.5814915895462036,-12.806770324707031,0.36218029260635376,0.3207102119922638,0.2867685556411743,0.30912265181541443,0.29547369480133057,0.26206159591674805,0.3073723018169403,0.3583848476409912,0.3863433599472046,0.40197208523750305,0.40611740946769714,0.3876931667327881,0.18696609365112846,1937.7532483890125
00039.wav,Chinese,True Story,00039,-226.20394897460938,159.82272338867188,15.82674789428711,15.407089233398438,-3.842015266418457,-3.8797881603240967,-7.2303242683410645,-4.89581298828125,-8.818571090698242,-1.298734188079834,0.06035259738564491,-1.1019142866134644,-6.273934364318848,0.5159593820571899,0.4272715747356415,0.33497658371925354,0.3191708028316498,0.37735629081726074,0.4267466962337494,0.49237439036369324,0.5005167126655579,0.44544047117233276,0.3356243968009949,0.3766621947288513,0.4679121673107147,0.06046071283498041,929.8211704014334
00040.wav,English,Deceptive Story,00040,-404.35992431640625,79.2340316772461,-15.186256408691406,17.36928367614746,-11.39631175994873,-22.53106689453125,-20.341922760009766,-6.891723155975342,-5.905250549316406,-7.967195510864258,0.6833025217056274,-8.494478225708008,-6.511287212371826,0.44586893916130066,0.4425612986087799,0.43473848700523376,0.4308660328388214,0.46980080008506775,0.4618474245071411,0.39896664023399353,0.4198911190032959,0.40015625953674316,0.38521313667297363,0.43486425280570984,0.48115769028663635,0.16342270886277002,1740.241943671289
00041.wav,English,True Story,00041,-241.65042114257812,99.85929107666016,4.432967662811279,33.421443939208984,-0.5124661326408386,12.9284029006958,-10.373358726501465,-6.502898216247559,6.293764114379883,-3.230851888656616,-2.1037981510162354,-4.131560325622559,0.2720986306667328,0.28931739926338196,0.2909805476665497,0.3476949632167816,0.3751150667667389,0.2725689113140106,0.2960149347782135,0.4181269109249115,0.6586503386497498,0.5824372172355652,0.3994956612586975,0.33353734016418457,0.3109418451786041,0.11348227141132029,1664.780209017584
00042.wav,Chinese,Deceptive Story,00042,-450.2330627441406,109.14985656738281,-12.026823043823242,51.38521194458008,6.211909770965576,2.6371853351593018,11.85892391204834,-6.631816864013672,10.859488487243652,-4.124558448791504,-5.172920227050781,1.5943678617477417,-7.057364463806152,0.4312639832496643,0.3653492331504822,0.2227362096309662,0.2081402689218521,0.23632164299488068,0.30243292450904846,0.33321332931518555,0.3984868824481964,0.5234814882278442,0.5209358334541321,0.43730607628822327,0.4043881297111511,0.07722468361211794,1377.3142389392988
00043.wav,English,True Story,00043,-444.85467529296875,89.18926239013672,-17.094615936279297,30.212055206298828,-25.498458862304688,4.112222194671631,-4.4058918952941895,-8.598556518554688,0.45995035767555237,-0.7309021949768066,-12.976537704467773,-14.6569242477417,-12.285679817199707,0.4570515751838684,0.32487350702285767,0.28522396087646484,0.3189695179462433,0.5269542932510376,0.5816977620124817,0.589926540851593,0.5789487957954407,0.4298190474510193,0.42619025707244873,0.38254818320274353,0.45497697591781616,0.17827830394553074,1821.8017282296325
00044.wav,Chinese,Deceptive Story,00044,-322.05267333984375,113.5595932006836,-12.828845977783203,20.524505615234375,-19.33116912841797,1.8742104768753052,-0.4167916476726532,-9.45649242401123,2.0931904315948486,-2.368396520614624,-1.244646430015564,4.427495956420898,-3.318263053894043,0.42321261763572693,0.3892291486263275,0.42448264360427856,0.36371928453445435,0.34628090262413025,0.3120760917663574,0.3248976469039917,0.39313843846321106,0.4469262361526489,0.4043377935886383,0.39140528440475464,0.44645044207572937,0.10526024538325322,1452.8449112686064
00045.wav,Chinese,True Story,00045,-288.6014099121094,94.02897644042969,19.144744873046875,34.11634826660156,5.789348602294922,0.9008771777153015,-8.703606605529785,-3.369429111480713,1.671149492263794,-1.6424230337142944,-11.257328987121582,5.261611461639404,-3.9333107471466064,0.25626158714294434,0.25217244029045105,0.21606457233428955,0.20833517611026764,0.22822460532188416,0.2877472937107086,0.3646100163459778,0.42839762568473816,0.45319491624832153,0.4381271004676819,0.3431948721408844,0.2796259820461273,0.09940419823232323,1542.9231402747928
00046.wav,English,Deceptive Story,00046,-339.4462585449219,61.26627731323242,-22.29180145263672,6.510556221008301,-14.081978797912598,-17.341976165771484,-22.157039642333984,-10.061173439025879,4.458586692810059,-30.116134643554688,-24.98904037475586,-19.238494873046875,-7.409488677978516,0.28255629539489746,0.26416027545928955,0.3237472474575043,0.31251269578933716,0.27221429347991943,0.25333157181739807,0.3194870352745056,0.4473426938056946,0.5216020345687866,0.538722574710846,0.43687400221824646,0.35536396503448486,0.20037011990941467,2104.3398655258543
00047.wav,Chinese,True Story,00047,-305.70281982421875,78.17573547363281,-2.7391624450683594,10.976302146911621,-9.864891052246094,-4.7294158935546875,-13.199139595031738,-19.821044921875,-11.007034301757812,-10.514799118041992,-8.424705505371094,-6.076112747192383,-8.976252555847168,0.5580704808235168,0.4120921194553375,0.22021545469760895,0.1550399512052536,0.15400910377502441,0.18363241851329803,0.16306594014167786,0.11886105686426163,0.11379389464855194,0.16209958493709564,0.4065014719963074,0.6086881756782532,0.11297170961620318,1459.8136508136784
00048.wav,English,Deceptive Story,00048,-353.01507568359375,68.69065856933594,-28.764345169067383,6.900476455688477,-31.17304229736328,-28.795753479003906,-20.512367248535156,-12.181262969970703,-13.504884719848633,-6.810832500457764,-3.6011102199554443,-7.963760852813721,-1.4155852794647217,0.32792800664901733,0.2772628962993622,0.25688108801841736,0.24937528371810913,0.26690977811813354,0.2792218029499054,0.28326717019081116,0.30935007333755493,0.34030261635780334,0.4165545403957367,0.44919368624687195,0.4089479148387909,0.1043192818880978,1721.8698434564692
00049.wav,English,True Story,00049,-314.1452331542969,63.71689224243164,-1.069732666015625,13.626631736755371,-4.79264497756958,13.81373119354248,-6.798936367034912,-23.435802459716797,-0.4387983977794647,6.997286796569824,-9.904447555541992,-0.7135139107704163,-6.564173698425293,0.23612594604492188,0.20422013103961945,0.207647904753685,0.31779569387435913,0.40605059266090393,0.531444787979126,0.5785015821456909,0.493806391954422,0.4660463035106659,0.37227919697761536,0.3496899902820587,0.29432910680770874,0.17998985209074733,2132.265377426874
00050.wav,Chinese,Deceptive Story,00050,-422.163330078125,158.2405242919922,19.691234588623047,34.26335906982422,7.7071428298950195,3.748976945877075,8.745508193969727,4.587862968444824,8.818288803100586,-1.4961589574813843,-6.71527099609375,-1.3494991064071655,-0.7177312970161438,0.24626344442367554,0.23363108932971954,0.23702330887317657,0.2532597780227661,0.3179614543914795,0.4443124830722809,0.5357162952423096,0.5504345297813416,0.4718095660209656,0.3888782858848572,0.31621041893959045,0.2727477252483368,0.03315390122289085,629.8193184667128
00051.wav,Chinese,True Story,00051,-226.9992218017578,88.19027709960938,12.520162582397461,17.092119216918945,-3.148397207260132,5.7466349601745605,15.13056468963623,4.583899021148682,-3.1906540393829346,4.440168857574463,3.916135787963867,7.885021686553955,-1.6306148767471313,0.3768327236175537,0.39956244826316833,0.3882331848144531,0.37699317932128906,0.4587472081184387,0.41231200098991394,0.3326277732849121,0.3287796676158905,0.37702059745788574,0.3877425491809845,0.36446744203567505,0.3632091283798218,0.10722833030976904,1616.5536821972796
00052.wav,English,Deceptive Story,00052,-403.70831298828125,68.82559204101562,-13.255087852478027,12.409135818481445,-10.349515914916992,-9.85015869140625,-26.18579864501953,-17.343351364135742,-8.85559368133545,-6.830971717834473,-21.469873428344727,-5.2347187995910645,-4.311962127685547,0.25841063261032104,0.1943901777267456,0.16907750070095062,0.16178618371486664,0.20359499752521515,0.2327519655227661,0.20071162283420563,0.1970515102148056,0.3397757112979889,0.6300544142723083,0.5704435110092163,0.3832785189151764,0.17090585125408783,1762.0738818679986
00053.wav,English,True Story,00053,-317.93682861328125,36.30552673339844,-0.9099543690681458,10.242094039916992,-9.98928165435791,-15.998125076293945,-10.033791542053223,-13.563297271728516,-13.435319900512695,-11.828964233398438,-8.29340648651123,-15.6768217086792,-5.269250392913818,0.33295905590057373,0.33921244740486145,0.33338263630867004,0.3338540196418762,0.32437339425086975,0.4222281277179718,0.49497362971305847,0.5208138227462769,0.4977293908596039,0.4810088276863098,0.47383469343185425,0.36202719807624817,0.26210714951844816,2619.4781188297234
00054.wav,Chinese,Deceptive Story,00054,-282.83636474609375,85.29327392578125,-12.119256973266602,17.541898727416992,-9.466485977172852,-12.218714714050293,-20.23681640625,-14.411118507385254,-3.8077352046966553,-12.859638214111328,-16.792041778564453,-21.205175399780273,-9.971670150756836,0.2016441524028778,0.18789251148700714,0.24972178041934967,0.393655925989151,0.45085975527763367,0.44973963499069214,0.4449372887611389,0.3188283145427704,0.27988067269325256,0.23168379068374634,0.2511950731277466,0.2840496301651001,0.12242529519475731,1604.8160960762593
00055.wav,Chinese,True Story,00055,-525.964111328125,88.61126708984375,-2.556000232696533,0.19069479405879974,-15.395004272460938,9.765436172485352,-6.361689567565918,-16.10114097595215,-27.579607009887695,-8.237421035766602,-8.246431350708008,-4.999903678894043,1.923081636428833,0.2461744099855423,0.2886373996734619,0.3019022047519684,0.2766863703727722,0.2967245280742645,0.36047878861427307,0.4360513687133789,0.42934319376945496,0.4124821126461029,0.3557039201259613,0.26621711254119873,0.22556954622268677,0.13774891190117386,1540.202940348805
00056.wav,English,Deceptive Story,00056,-305.8298034667969,76.58531188964844,-14.023405075073242,8.570714950561523,-5.629963397979736,-19.891704559326172,-16.254098892211914,-12.198721885681152,-14.327524185180664,-9.438443183898926,-3.007875680923462,-10.106694221496582,0.8495599031448364,0.4060361087322235,0.4150730073451996,0.38317808508872986,0.3620649576187134,0.38452696800231934,0.40670114755630493,0.45404142141342163,0.5066567063331604,0.4392811059951782,0.41856998205184937,0.4386276602745056,0.40761426091194153,0.21708067075155218,2018.9877474304817
00057.wav,English,True Story,00057,-359.7975769042969,70.033203125,-29.86796760559082,16.368526458740234,-18.490299224853516,-10.503251075744629,-19.8575439453125,-10.1825590133667,-7.447391510009766,-18.76519203186035,-13.735548973083496,-14.808829307556152,-10.954973220825195,0.2491142898797989,0.22853706777095795,0.20006400346755981,0.18145066499710083,0.2098797857761383,0.2519761025905609,0.34056827425956726,0.435760498046875,0.4667241871356964,0.4649408757686615,0.4089497923851013,0.33321836590766907,0.19945963022598165,1807.9440997956651
00058.wav,Chinese,Deceptive Story,00058,-292.4476013183594,120.88216400146484,-0.6712093353271484,22.437320709228516,-1.0462754964828491,-10.331886291503906,-15.40471076965332,-6.9413371086120605,-9.610268592834473,-6.927089214324951,5.5984649658203125,-5.722157955169678,0.03296162560582161,0.38878026604652405,0.4066840410232544,0.31584566831588745,0.2717338502407074,0.2972462773323059,0.4785982668399811,0.5440996289253235,0.45786362886428833,0.3711260259151459,0.29980671405792236,0.2826082110404968,0.3083275854587555,0.08663498044178555,1266.6784492375623
00059.wav,Chinese,True Story,00059,-365.4465026855469,63.77507781982422,5.445641040802002,33.499244689941406,1.5415382385253906,-5.354636192321777,-6.440996170043945,-9.481310844421387,1.1021794080734253,-11.024657249450684,-8.789219856262207,-0.01772063970565796,-6.339007377624512,0.43615806102752686,0.3618752658367157,0.25929057598114014,0.21346838772296906,0.19605056941509247,0.23557044565677643,0.3310752511024475,0.4195169508457184,0.5112501382827759,0.5794468522071838,0.5438703894615173,0.4747026562690735,0.15245435302878016,2017.9628225527788
00060.wav,English,Deceptive Story,00060,-288.2899169921875,92.60311126708984,-9.514100074768066,31.146377563476562,-4.5625481605529785,-9.180061340332031,-5.613986968994141,-15.97838020324707,-6.691256999969482,3.2412216663360596,-15.491506576538086,1.0772655010223389,-14.593396186828613,0.3495709002017975,0.39357462525367737,0.4022696316242218,0.3969886600971222,0.4335123598575592,0.44350466132164,0.3947390913963318,0.428871214389801,0.3465540409088135,0.2993204891681671,0.35655125975608826,0.3752993941307068,0.12346299205702356,1631.0394429956557
00061.wav,English,True Story,00061,-312.8857727050781,99.99609375,-1.721010684967041,17.300981521606445,6.875354290008545,-2.73661470413208,5.618717193603516,1.8777728080749512,-0.5053298473358154,4.932699680328369,-2.284066677093506,0.32804301381111145,0.36017856001853943,0.5390071868896484,0.4876681864261627,0.4250045716762543,0.4035528004169464,0.4094901978969574,0.42838114500045776,0.46746569871902466,0.5125842690467834,0.529689610004425,0.5243023633956909,0.5319647789001465,0.5490825772285461,0.06550832709117473,1122.5987335599582
00062.wav,Chinese,Deceptive Story,00062,-374.30975341796875,89.02912902832031,8.079304695129395,7.500216484069824,-2.764045000076294,1.0484517812728882,-6.405627727508545,-4.042192459106445,-10.84834098815918,-10.624310493469238,-7.29255485534668,-14.280731201171875,-8.33627700805664,0.3394833505153656,0.29608291387557983,0.2821464240550995,0.30309924483299255,0.31558242440223694,0.27948567271232605,0.2732134461402893,0.34974223375320435,0.3939560651779175,0.43276724219322205,0.3795750141143799,0.3391784727573395,0.10564570386783483,1330.3336525605189
00063.wav,Chinese,True Story,00063,-228.6327362060547,109.79391479492188,8.761411666870117,24.645200729370117,-11.908293724060059,12.49626636505127,-2.148996353149414,-7.513826847076416,7.05194616317749,1.8930065631866455,1.7478909492492676,-5.5633673667907715,5.353236198425293,0.570833683013916,0.4592667520046234,0.36008602380752563,0.3275097608566284,0.434810996055603,0.4808593690395355,0.4545697271823883,0.4665123522281647,0.48602554202079773,0.43100976943969727,0.4251067638397217,0.5850712060928345,0.10956868458751658,1607.1428122090574
00064.wav,English,Deceptive Story,00064,-284.42596435546875,114.46867370605469,27.638071060180664,30.714069366455078,-11.434614181518555,-22.431394577026367,-6.2527594566345215,-3.522197723388672,-13.228876113891602,1.150380253791809,-1.9369757175445557,-0.9929285049438477,-9.074653625488281,0.36891070008277893,0.4333813786506653,0.443810373544693,0.4166570007801056,0.38948678970336914,0.3219934105873108,0.2451074719429016,0.21800176799297333,0.20542486011981964,0.2452588677406311,0.25691697001457214,0.30050837993621826,0.08996427221553546,1255.0178596750554
00065.wav,English,True Story,00065,-403.4323425292969,70.05211639404297,-0.8225988149642944,8.869431495666504,-10.48962688446045,-11.165587425231934,-15.5453519821167,-10.289565086364746,-12.155546188354492,-13.206296920776367,-11.73911190032959,-10.675078392028809,-11.455314636230469,0.3341953754425049,0.34608450531959534,0.386895090341568,0.39584654569625854,0.40088194608688354,0.4674069285392761,0.540687084197998,0.5119212865829468,0.4860377013683319,0.45543017983436584,0.45226186513900757,0.39360734820365906,0.18783943226795322,2019.5057238137024
00066.wav,Chinese,Deceptive Story,00066,-385.2395324707031,50.287288665771484,-10.784122467041016,19.009098052978516,-16.930906295776367,-7.362354278564453,-9.364716529846191,-13.795878410339355,-16.695688247680664,9.076689720153809,-18.97307014465332,6.055372714996338,-8.736605644226074,0.4572460651397705,0.409671425819397,0.3828180432319641,0.3858468532562256,0.41469091176986694,0.45074933767318726,0.4681631326675415,0.4683760702610016,0.4633587598800659,0.4608224034309387,0.45708760619163513,0.4427531361579895,0.22011402716337056,2352.0261486516397
00067.wav,Chinese,True Story,00067,-304.1429138183594,132.0519561767578,17.647241592407227,41.75009536743164,-4.4539899826049805,8.916646003723145,-4.103731632232666,-6.478667259216309,1.34343421459198,4.598256587982178,-2.1952157020568848,-4.862869739532471,2.981687307357788,0.42767205834388733,0.3578225374221802,0.36188581585884094,0.3473130166530609,0.35432302951812744,0.3959292769432068,0.4863070249557495,0.5485212206840515,0.5203773975372314,0.4808482825756073,0.46943843364715576,0.5502985715866089,0.07760483384473307,1119.3291000360662
00068.wav,Chinese,Deceptive Story,00068,-192.8098602294922,112.10941314697266,8.358001708984375,31.789060592651367,-15.238683700561523,-12.510852813720703,-7.756787300109863,-6.779847621917725,-2.9716546535491943,-17.873443603515625,0.373847097158432,4.939908981323242,-18.31160545349121,0.2789081335067749,0.32268282771110535,0.38011470437049866,0.343211829662323,0.31543242931365967,0.37819382548332214,0.4568667411804199,0.5583597421646118,0.5267911553382874,0.4649481475353241,0.3444456160068512,0.2818145155906677,0.11404915709658421,1410.2087803730976
00069.wav,English,Deceptive Story,00069,-513.1575317382812,73.13348388671875,14.023162841796875,26.555601119995117,4.0684709548950195,8.566944122314453,4.550743579864502,6.182623863220215,3.8074018955230713,6.766554832458496,3.703568696975708,4.334149360656738,0.4306429326534271,0.2991408109664917,0.32379916310310364,0.35072946548461914,0.3647403419017792,0.3756760060787201,0.4271155893802643,0.48976096510887146,0.6010794043540955,0.6953467726707458,0.5412936806678772,0.4157678782939911,0.3191016614437103,0.1284220341942375,2042.1890850205434
00070.wav,English,Deceptive Story,00070,-452.083251953125,148.51219177246094,40.453277587890625,25.1029109954834,8.20103645324707,2.6556453704833984,1.0980756282806396,-2.5194406509399414,-1.1461162567138672,8.5360107421875,3.0353851318359375,4.0418243408203125,2.209179639816284,0.47113147377967834,0.41282397508621216,0.40636298060417175,0.4090885818004608,0.4373653829097748,0.439310759305954,0.4709893763065338,0.5192418694496155,0.521440863609314,0.5308724641799927,0.5485631227493286,0.5455557703971863,0.03392471694860392,718.7062756183407
00071.wav,English,True Story,00071,-287.0511474609375,69.96696472167969,-0.012626145035028458,29.665010452270508,2.287691116333008,8.028160095214844,3.627638101577759,-4.403012752532959,3.148111581802368,7.193495750427246,-3.4526946544647217,3.7853586673736572,1.259621024131775,0.3948085308074951,0.3140099346637726,0.3122043311595917,0.2798771858215332,0.28674495220184326,0.36647364497184753,0.5134305357933044,0.5661569237709045,0.46543022990226746,0.4903716742992401,0.6507059931755066,0.6267295479774475,0.1289470005649455,1966.627585501302
00072.wav,English,Deceptive Story,00072,-512.784423828125,73.85899353027344,15.31106185913086,26.78534698486328,3.7858681678771973,8.106513977050781,4.711508750915527,6.449754238128662,4.488324165344238,5.16249418258667,4.0474958419799805,4.82219934463501,0.18999819457530975,0.3307951092720032,0.3467004895210266,0.3581722378730774,0.34390366077423096,0.3582308888435364,0.4362732470035553,0.5263158082962036,0.6932035684585571,0.6907881498336792,0.5306483507156372,0.4086071252822876,0.342355340719223,0.12354247132490637,2024.6101294910006
00073.wav,English,True Story,00073,-372.0802917480469,66.93670654296875,-6.411596775054932,2.416335344314575,-1.4216115474700928,6.239664077758789,0.7602444291114807,1.101441502571106,-9.710512161254883,0.729887068271637,-5.413979530334473,-9.189115524291992,3.8798956871032715,0.3219664990901947,0.27851763367652893,0.2541652321815491,0.2505166530609131,0.23423056304454803,0.25325584411621094,0.36364078521728516,0.46874311566352844,0.5116251707077026,0.5205591320991516,0.4324643909931183,0.3460220694541931,0.14806192280691347,1963.3162238095535
00074.wav,English,True Story,00074,-332.940185546875,98.94953918457031,-5.174853324890137,32.40828323364258,1.652268648147583,7.688748359680176,0.2881861925125122,-5.520917892456055,1.243216633796692,7.768876075744629,-0.536867082118988,1.1584806442260742,3.7740209102630615,0.4245520830154419,0.28147923946380615,0.27809715270996094,0.2719873785972595,0.2579613924026489,0.30171510577201843,0.45503613352775574,0.5517457723617554,0.4349993169307709,0.4357083737850189,0.5385342836380005,0.5992434620857239,0.08913021480216465,1504.9648570246316
00075.wav,Chinese,Deceptive Story,00075,-510.03375244140625,124.17713165283203,36.075592041015625,18.686975479125977,-1.5905144214630127,-2.3741321563720703,-3.812371253967285,-12.418081283569336,-7.31624698638916,-0.3961021900177002,-9.254770278930664,-0.9227262735366821,-3.689621686935425,0.3843882977962494,0.3414120078086853,0.32731154561042786,0.3468594551086426,0.3700079023838043,0.34839746356010437,0.3789574205875397,0.47148051857948303,0.5262263417243958,0.48165205121040344,0.45053520798683167,0.42386701703071594,0.07015455247877123,1171.7357485669822
00076.wav,English,Deceptive Story,00076,-343.9554138183594,99.00538635253906,1.6873226165771484,33.22909164428711,3.7166709899902344,8.77114200592041,1.3303115367889404,-1.0998657941818237,1.7803740501403809,8.851600646972656,2.1754040718078613,2.8398983478546143,3.135197877883911,0.30978924036026,0.26596805453300476,0.32593297958374023,0.2920433282852173,0.26054975390434265,0.3069593906402588,0.3449234962463379,0.4189285337924957,0.4723935127258301,0.6146000027656555,0.7472652792930603,0.607577383518219,0.07699650695110898,1465.049044875115
00077.wav,English,True Story,00077,-313.4547424316406,68.08430480957031,10.333545684814453,2.917461395263672,1.8043603897094727,13.122528076171875,-17.077470779418945,0.1489952653646469,2.3155219554901123,-9.87653923034668,-6.622793197631836,1.7658047676086426,-0.30022725462913513,0.3508422076702118,0.3651830554008484,0.355766236782074,0.3208678066730499,0.2965277433395386,0.30423930287361145,0.37532731890678406,0.5136329531669617,0.5860422253608704,0.5536630153656006,0.4883860945701599,0.38059064745903015,0.16555409494661266,2130.2832771220305
00078.wav,Chinese,True Story,00078,-338.2766418457031,106.48531341552734,1.3361821174621582,32.72407531738281,4.6613335609436035,4.9778852462768555,-3.7571475505828857,-3.2446506023406982,-0.3925735354423523,6.838385581970215,3.6292645931243896,3.9893276691436768,5.506462097167969,0.3169787526130676,0.40238630771636963,0.3311039209365845,0.2685771584510803,0.3493996262550354,0.4804053008556366,0.49939867854118347,0.40623724460601807,0.4839324355125427,0.6080148220062256,0.5843362212181091,0.3729846477508545,0.07446162181274361,1352.286530751391
00079.wav,English,True Story,00079,-365.81756591796875,77.45707702636719,7.377675533294678,21.768815994262695,-3.910322904586792,-0.39822742342948914,-10.643969535827637,-13.37596321105957,-1.488193154335022,-6.645659923553467,-5.897368431091309,1.3777987957000732,-0.5197929739952087,0.37166276574134827,0.3631775975227356,0.35123011469841003,0.29882386326789856,0.2908521592617035,0.3367629945278168,0.3962175250053406,0.4865296483039856,0.5429322123527527,0.5157466530799866,0.44786474108695984,0.38591763377189636,0.1475215094589171,1884.558330226542
00080.wav,Chinese,Deceptive Story,00080,-379.2397155761719,104.69891357421875,30.783262252807617,29.959787368774414,-1.5930036306381226,4.419189453125,-8.73733901977539,11.528778076171875,-3.3310463428497314,3.222926139831543,1.3986196517944336,-4.266332149505615,0.24517248570919037,0.3788488805294037,0.40967777371406555,0.4199884533882141,0.49641257524490356,0.5018211603164673,0.48498809337615967,0.4380819499492645,0.4309731125831604,0.4538387060165405,0.44251585006713867,0.44806861877441406,0.4102245271205902,0.08415786641386609,1462.6598461531887
00081.wav,English,True Story,00081,-302.1488037109375,116.95507049560547,-13.233469009399414,8.525839805603027,-16.060447692871094,3.4456679821014404,-20.62456512451172,-12.756624221801758,0.6886031627655029,-8.48115348815918,3.083216667175293,-1.3891944885253906,-1.8705041408538818,0.46120449900627136,0.4260815382003784,0.37167295813560486,0.3502536416053772,0.30834853649139404,0.3179745674133301,0.34296396374702454,0.30957546830177307,0.3004774749279022,0.3873125910758972,0.4461480379104614,0.48785313963890076,0.12867994908279057,1496.6708915447882
00082.wav,Chinese,True Story,00082,-229.5642852783203,96.69860076904297,2.8876447677612305,33.58236312866211,-12.524715423583984,-6.082306385040283,-13.169336318969727,-23.81790542602539,-5.152286529541016,-4.364181995391846,-8.077259063720703,-4.64093017578125,-0.46951472759246826,0.5079863667488098,0.5333024263381958,0.43926316499710083,0.3307936191558838,0.2873898148536682,0.26948851346969604,0.28418484330177307,0.31002792716026306,0.30256137251853943,0.3171099126338959,0.3587512969970703,0.44418179988861084,0.12301593800955044,1589.0267434048544
00083.wav,English,True Story,00083,-226.09352111816406,52.23598098754883,-13.95883560180664,18.017602920532227,-24.618751525878906,-7.678755283355713,-25.608915328979492,-6.759098052978516,-5.2027812004089355,-0.8401373028755188,-5.3982744216918945,-3.161633253097534,13.25716495513916,0.35403746366500854,0.3959193229675293,0.3963587284088135,0.35695740580558777,0.3087100386619568,0.29402950406074524,0.3632815480232239,0.47737249732017517,0.4708479046821594,0.42726805806159973,0.3808019757270813,0.3409914970397949,0.19692421243485428,2241.310704106271
00084.wav,English,Deceptive Story,00084,-310.0371398925781,109.2820053100586,-10.051958084106445,4.333736896514893,-17.686050415039062,4.8503217697143555,-19.969511032104492,-11.03258991241455,0.32701376080513,-5.423755645751953,3.1670517921447754,-3.9284677505493164,-4.808961391448975,0.4282151758670807,0.43749427795410156,0.3999619781970978,0.370620459318161,0.35919252038002014,0.358235627412796,0.382983922958374,0.36002781987190247,0.3583359122276306,0.4069117307662964,0.4424354135990143,0.4430290162563324,0.13269919619496573,1591.1900792819858
00085.wav,Chinese,Deceptive Story,00085,-228.0311279296875,90.98953247070312,4.9582366943359375,36.391502380371094,-8.930182456970215,-13.671016693115234,-6.41618537902832,-22.66037940979004,-9.555809020996094,-4.203744411468506,-11.282505989074707,-1.1569017171859741,-3.7652037143707275,0.49044424295425415,0.5397763848304749,0.42902716994285583,0.338274210691452,0.31447240710258484,0.29536110162734985,0.2819966971874237,0.3244151771068573,0.33563104271888733,0.29224449396133423,0.3095133304595947,0.3754676878452301,0.12064771820016872,1551.4721978768423
00086.wav,English,Deceptive Story,00086,-304.2704772949219,103.9347152709961,-9.922155380249023,14.68552017211914,-22.990028381347656,-7.836628437042236,-14.954236030578613,-29.017772674560547,-13.904787063598633,-13.777364730834961,-10.208817481994629,-14.217659950256348,-8.76013469696045,0.5139657258987427,0.2882533073425293,0.20372086763381958,0.21160894632339478,0.21877871453762054,0.1980203241109848,0.2943434715270996,0.39657387137413025,0.4080626666545868,0.39279505610466003,0.36498138308525085,0.447677880525589,0.11149440039011062,1430.6646622606022
00087.wav,Chinese,True Story,00087,-283.92462158203125,112.46471405029297,10.093656539916992,-6.122848987579346,-16.825857162475586,2.1843936443328857,-20.410097122192383,-14.591057777404785,-3.4134461879730225,-4.237570285797119,-5.7281622886657715,3.6654212474823,-15.067954063415527,0.4109169840812683,0.3899109363555908,0.3547814190387726,0.3638811707496643,0.39665544033050537,0.4214073717594147,0.3970635235309601,0.35318681597709656,0.33279988169670105,0.3423824906349182,0.33175721764564514,0.3273846507072449,0.11061621805049743,1385.5225406720672
00088.wav,English,Deceptive Story,00088,-199.10488891601562,55.261898040771484,-18.831581115722656,15.778825759887695,-24.75276756286621,-10.131438255310059,-26.243606567382812,-7.594700336456299,-3.330554962158203,-2.78975248336792,-5.687625408172607,-4.597047805786133,15.31800365447998,0.3320889174938202,0.39093828201293945,0.3669557571411133,0.3177037537097931,0.2805486023426056,0.30898717045783997,0.39991113543510437,0.4813154637813568,0.44852325320243835,0.4039211869239807,0.32885122299194336,0.3018798232078552,0.2008760724748884,2241.970673360417
00089.wav,Chinese,True Story,00089,-312.88116455078125,112.14415740966797,-5.873088359832764,11.617593765258789,-26.4940185546875,-1.4492082595825195,-9.710521697998047,-30.387800216674805,-12.851922988891602,-12.478743553161621,-12.76265811920166,-16.19236183166504,-10.279729843139648,0.3470459580421448,0.29387882351875305,0.25099411606788635,0.2266494333744049,0.2482297718524933,0.2816941440105438,0.39481109380722046,0.46009981632232666,0.40955352783203125,0.3232627809047699,0.3309662342071533,0.4346534311771393,0.09598634062900128,1317.551070662875
00090.wav,English,Deceptive Story,00090,-167.1774139404297,45.73712158203125,-22.296932220458984,9.296104431152344,-16.6232967376709,-15.878177642822266,-25.279197692871094,-7.9842963218688965,-5.67413330078125,4.238045692443848,-7.431940078735352,0.3833543360233307,8.281582832336426,0.31373080611228943,0.3469485342502594,0.3926152288913727,0.3781432807445526,0.3303679823875427,0.3123226761817932,0.350711464881897,0.42559149861335754,0.4582783877849579,0.41703784465789795,0.35498663783073425,0.3266266882419586,0.21143868281552758,2328.9586618891008
00091.wav,Chinese,True Story,00091,-258.40496826171875,107.35293579101562,11.540149688720703,30.310522079467773,7.2137980461120605,11.668996810913086,6.14229154586792,5.4308929443359375,3.2663822174072266,5.977375030517578,2.650588035583496,7.650869846343994,3.514256000518799,0.29805803298950195,0.2674051821231842,0.252214252948761,0.24617554247379303,0.27782487869262695,0.3875880241394043,0.5176556706428528,0.5724156498908997,0.6428002715110779,0.7374911904335022,0.6799924969673157,0.43935224413871765,0.04780980253178272,1274.9535219058025
00092.wav,Chinese,Deceptive Story,00092,-299.8699645996094,98.48143768310547,0.6917564272880554,16.08596420288086,-34.06904602050781,-0.27557170391082764,-5.089094161987305,-34.67790603637695,-15.909187316894531,-15.179454803466797,-6.719866752624512,-13.130537986755371,-12.302594184875488,0.40003058314323425,0.26829099655151367,0.2591240704059601,0.262992262840271,0.2789357304573059,0.29361140727996826,0.3210291862487793,0.3953149616718292,0.4372999370098114,0.38253551721572876,0.31916970014572144,0.3508332371711731,0.10820730195925826,1469.4141287510008
00093.wav,Chinese,Deceptive Story,00093,-109.02154541015625,94.57199096679688,9.155019760131836,31.948822021484375,15.746330261230469,11.132097244262695,6.321681976318359,16.425935745239258,0.42324915528297424,2.382556200027466,12.499773979187012,4.37212610244751,-11.761056900024414,0.23517952859401703,0.3520956039428711,0.31032422184944153,0.23011033236980438,0.2865290939807892,0.4271923303604126,0.5165638327598572,0.5953096151351929,0.5685977339744568,0.44889897108078003,0.3634192645549774,0.2794145941734314,0.0586546967763539,1395.70369978142
00094.wav,Chinese,Deceptive Story,00094,-205.712158203125,97.00590515136719,-7.654305458068848,31.507816314697266,-1.6391819715499878,6.038580417633057,-0.16044531762599945,-12.334261894226074,5.440904140472412,0.9582104086875916,-1.310753583908081,5.072404384613037,-2.7977192401885986,0.3457595705986023,0.33265265822410583,0.33014458417892456,0.33073073625564575,0.3366733491420746,0.3632054030895233,0.43647700548171997,0.4566030502319336,0.44393613934516907,0.41879257559776306,0.40632906556129456,0.36714616417884827,0.08611759138695987,1540.581178365216
00095.wav,Chinese,True Story,00095,-353.4591369628906,76.6353759765625,7.627117156982422,13.427924156188965,-6.00283670425415,-4.950496196746826,-14.571083068847656,-7.483930587768555,-6.144279479980469,-6.196298122406006,-6.727853775024414,-2.881770372390747,-1.8531243801116943,0.38192251324653625,0.3464583456516266,0.3712073266506195,0.3540016710758209,0.37859266996383667,0.4046294689178467,0.33430245518684387,0.33300039172172546,0.3802480101585388,0.3921586275100708,0.40551918745040894,0.422280490398407,0.11938810728421859,1479.0122046121205
00096.wav,English,True Story,00096,-440.5694580078125,122.2386245727539,17.088134765625,17.254636764526367,-9.668591499328613,-1.2121156454086304,-5.071840286254883,-7.393944263458252,5.048885345458984,0.35377901792526245,4.531996250152588,5.095572471618652,-3.6259350776672363,0.48057159781455994,0.46870243549346924,0.44291600584983826,0.40715518593788147,0.3693390190601349,0.38989192247390747,0.4197673499584198,0.400534987449646,0.41817647218704224,0.39494967460632324,0.37360355257987976,0.41213899850845337,0.08615911323168973,1116.5961824923686
00097.wav,Chinese,Deceptive Story,00097,-332.0175476074219,69.79769897460938,1.7495261430740356,7.876316547393799,-7.64046573638916,-4.559902191162109,-9.42875862121582,-7.511672019958496,-5.09401798248291,-5.6340460777282715,-5.954891204833984,-3.9671542644500732,-2.325010299682617,0.42496830224990845,0.3683267831802368,0.36224815249443054,0.36527103185653687,0.4017384350299835,0.4174191355705261,0.37105435132980347,0.37974515557289124,0.42857590317726135,0.4154103100299835,0.4295099973678589,0.46325281262397766,0.1205085389545696,1465.866938257788
00098.wav,Chinese,True Story,00098,-432.1463317871094,134.1084442138672,16.04018211364746,19.421009063720703,-8.739943504333496,-3.7913734912872314,-3.866727113723755,-7.600419044494629,6.1807122230529785,1.8198845386505127,-0.07599718123674393,4.3039751052856445,-3.085787534713745,0.48395445942878723,0.4264662265777588,0.3991304636001587,0.3761950433254242,0.4141027331352234,0.4035050868988037,0.4140203893184662,0.4357180893421173,0.41785773634910583,0.3878517746925354,0.35443174839019775,0.4222833514213562,0.07586587587060117,1019.3918745368378
00099.wav,Chinese,Deceptive Story,00099,-436.1633605957031,138.3716583251953,18.117958068847656,23.263429641723633,-3.1105432510375977,0.14695441722869873,-3.2757115364074707,-9.564921379089355,-2.25573992729187,-1.1110527515411377,3.3719565868377686,3.1081511974334717,-7.522664546966553,0.4478059411048889,0.39802783727645874,0.3922009766101837,0.36495912075042725,0.37037649750709534,0.3844504952430725,0.42841681838035583,0.43343642354011536,0.4317070543766022,0.4104601740837097,0.3803303837776184,0.420447438955307,0.07128864168881069,947.6904299095962
00100.wav,Chinese,True Story,00100,-254.85568237304688,125.29928588867188,6.915288925170898,22.269277572631836,-22.150997161865234,-16.82198143005371,-14.982864379882812,-10.482292175292969,-17.173362731933594,-19.92396354675293,-2.8891525268554688,-10.518290519714355,-6.356222152709961,0.40637338161468506,0.3626194894313812,0.36037689447402954,0.35969191789627075,0.29987263679504395,0.2575329542160034,0.23842962086200714,0.22759009897708893,0.2729301154613495,0.3664777874946594,0.42886900901794434,0.41581979393959045,0.13579889172195558,1136.9992253349412
